subdomain,mx
abs.gov.rs,0 abs-gov-rs.mail.protection.outlook.com.
access.vojvodina.gov.rs,none
activesync.mpn.gov.rs,none
adfs.fppd.minrzs.gov.rs,none
akreditacija.gov.rs,10 smtp.gov.rs.
alsu.gov.rs,5 mail.alsu.gov.rs.
anketa.mup.gov.rs,none
aplikacija.birackispisak.gov.rs,none
app.beograd.gov.rs,none
app.mojdoktor.gov.rs,none
appc.fppd.minrzs.gov.rs,none
apps.ramrrs.gov.rs,none
apr.gov.rs,0 apr-gov-rs.mail.protection.outlook.com.
apv-visokoobrazovanje.vojvodina.gov.rs,dig error
arhiva.mpravde.gov.rs,none
arhiva.serbia.gov.rs,none
arhiva.srbija-info.gov.rs,none
arhiva.srbija.gov.rs,none
atlas.heritage.gov.rs,none
aul.gov.rs,10 smtp.gov.rs.
auth.uzzpro.gov.rs,none
autodiscover.beograd.gov.rs,none
autodiscover.branicevski.okrug.gov.rs,none
autodiscover.ekoplan.gov.rs,none
autodiscover.fond.gov.rs,none
autodiscover.gov.rs,none
autodiscover.inkluzijaroma.stat.gov.rs,none
autodiscover.inspektor.gov.rs,none
autodiscover.kapitalnaulaganja.vojvodina.gov.rs,none
autodiscover.kompenzacionifond.gov.rs,none
autodiscover.kosovskomitrovacki.okrug.gov.rs,none
autodiscover.kzbpd.gov.rs,none
autodiscover.mprrpp.gov.rs,none
autodiscover.obnova.gov.rs,none
autodiscover.pim.gov.rs,none
autodiscover.poreskauprava.gov.rs,none
autodiscover.purs.gov.rs,none
autodiscover.rdrr.gov.rs,none
autodiscover.rha.gov.rs,none
autodiscover.sio.vojvodina.gov.rs,none
autodiscover.spomenici.heritage.gov.rs,none
autodiscover.srbatom.gov.rs,none
autodiscover.toplicki.okrug.gov.rs,none
autodiscover.upravazasume.gov.rs,none
av.gov.rs,none
azus.gov.rs,none
beokomadmin.beograd.gov.rs,none
beokomapp.beograd.gov.rs,none
birackispisak.beograd.gov.rs,none
bit.mtt.gov.rs,none
bitwarden.trezor.gov.rs,none
branicevski.okrug.gov.rs,none
budzet.vojvodina.gov.rs,none
cad.gov.rs,10 mailgw.mts.rs.
civilnodrustvo.gov.rs,10 smtp.gov.rs.
cloud.trezor.gov.rs,none
cmsadmin.euprava.gov.rs,none
comms.sec.gov.rs,none
cpanel.abs.gov.rs,none
cpanel.branicevski.okrug.gov.rs,none
cpanel.budzet.vojvodina.gov.rs,none
cpanel.civilnodrustvo.gov.rs,none
cpanel.dev01.vojvodina.gov.rs,none
cpanel.drr.vojvodina.gov.rs,none
cpanel.ekourb.vojvodina.gov.rs,none
cpanel.ekourbapv.vojvodina.gov.rs,none
cpanel.fond.gov.rs,none
cpanel.fondzarazvoj.gov.rs,none
cpanel.hraniteljstvocps.gov.rs,none
cpanel.inkluzijaroma.stat.gov.rs,none
cpanel.inovacije.gov.rs,none
cpanel.inspektor.gov.rs,none
cpanel.juznobanatski.okrug.gov.rs,none
cpanel.kapitalnaulaganja.vojvodina.gov.rs,none
cpanel.kolubarski.okrug.gov.rs,none
cpanel.kompenzacionifond.gov.rs,none
cpanel.kosovskomitrovacki.okrug.gov.rs,none
cpanel.kultura.vojvodina.gov.rs,none
cpanel.kzbpd.gov.rs,none
cpanel.ljudskiresursi.vojvodina.gov.rs,none
cpanel.mladenovac.gov.rs,none
cpanel.mos.gov.rs,none
cpanel.nis.okrug.gov.rs,none
cpanel.obnova.gov.rs,none
cpanel.papv.vojvodina.gov.rs,none
cpanel.pim.gov.rs,none
cpanel.pirotski.okrug.gov.rs,none
cpanel.polj.savetodavstvo.vojvodina.gov.rs,none
cpanel.programrazvoja.vojvodina.gov.rs,none
cpanel.projekti.zdravstvo.vojvodina.gov.rs,none
cpanel.psf.vojvodina.gov.rs,none
cpanel.rasinski.okrug.gov.rs,none
cpanel.rbf.vojvodina.gov.rs,none
cpanel.rdrr.gov.rs,none
cpanel.rha.gov.rs,none
cpanel.sanitarnaapv.vojvodina.gov.rs,none
cpanel.sbi.vojvodina.gov.rs,none
cpanel.severnobacki.okrug.gov.rs,none
cpanel.sio.vojvodina.gov.rs,none
cpanel.smt.zdravlje.gov.rs,none
cpanel.socijalnapolitika.vojvodina.gov.rs,none
cpanel.spomenici.heritage.gov.rs,none
cpanel.srbatom.gov.rs,none
cpanel.toplicki.okrug.gov.rs,none
cpanel.uprava-brodova.gov.rs,none
cpanel.upravazasume.gov.rs,none
cpanel.upravljanjepromenama.gov.rs,none
cpanel.vazduh.vojvodina.gov.rs,none
cpanel.vet.minpolj.gov.rs,none
cpanel.zavodsz.gov.rs,none
crfitest.trezor.gov.rs,none
crm.uzzpro.gov.rs,none
data.gov.rs,none
data.sepa.gov.rs,none
degradacijazemljista.sepa.gov.rs,none
dev.uzzpro.gov.rs,none
dev01.vojvodina.gov.rs,none
dialin.vojvodina.gov.rs,none
digitalnaucionica.zuov.gov.rs,none
dijaspora.gov.rs,none
direkcija.mpravde.gov.rs,none
dositej.mpn.gov.rs,none
dositeja.mos.gov.rs,none
dp.gov.rs,0 dp.gov.rs.
dr.srbija.gov.rs,none
drr.vojvodina.gov.rs,none
drzavnauprava.gov.rs,none
e-zdravlje.gov.rs,none
egop.uzda.gov.rs,none
egopportal.uzda.gov.rs,none
ekourb.vojvodina.gov.rs,none
ekourbapv.vojvodina.gov.rs,none
elpisarnica.nis.okrug.gov.rs,none
english.zavodsz.gov.rs,none
enicnaric.mpn.gov.rs,none
epapir.rsjp.gov.rs,none
eparticipacija.euprava.gov.rs,none
eplacanje.euprava.gov.rs,none
eplacanje.test-uzda.gov.rs,none
epopis.rsjp.gov.rs,none
eporezi.poreskauprava.gov.rs,none
eporezi.purs.gov.rs,none
eucenje.zuov.gov.rs,none
euprava.beograd.gov.rs,none
euprava.gov.rs,10 euprava-gov-rs.mail.protection.outlook.com.
eusluge.euprava.gov.rs,none
eusluge.test-uzda.gov.rs,none
eusluge.zis.gov.rs,none
fito.uzb.minpolj.gov.rs,none
fond.gov.rs,none
fondzarazvoj.gov.rs,none
geoportal.vojvodina.gov.rs,none
geoshop.rgz.gov.rs,none
gis.beograd.gov.rs,none
gis.mre.gov.rs,none
gov.rs,10 smtp.gov.rs.
gradjevinska.inspektor.gov.rs,none
host.purs.gov.rs,none
host01.purs.gov.rs,none
host02.purs.gov.rs,none
host03.purs.gov.rs,none
host04.purs.gov.rs,none
host05.purs.gov.rs,none
host06.purs.gov.rs,none
host07.purs.gov.rs,none
host08.purs.gov.rs,none
host09.purs.gov.rs,none
host10.purs.gov.rs,none
hostb.purs.gov.rs,none
hostc.purs.gov.rs,none
hostd.purs.gov.rs,none
hoste.purs.gov.rs,none
hostf.purs.gov.rs,none
hostg.purs.gov.rs,none
hosth.purs.gov.rs,none
hosti.purs.gov.rs,none
hostj.purs.gov.rs,none
hraniteljstvocps.gov.rs,none
ikt.mtt.gov.rs,none
imgstack.upravljanjepromenama.gov.rs,none
inkluzijaroma.stat.gov.rs,10 postar.stat.gov.rs.
inovacije.gov.rs,10 smtp.gov.rs.
inspektor.gov.rs,none
irhportal.ekologija.gov.rs,none
irweb.minrzs.gov.rs,none
ise-vm.trezor.gov.rs,none
ise.trezor.gov.rs,none
itcm.minpolj.gov.rs,none
ite.gov.rs,10 ite-gov-rs.mail.protection.outlook.com.
jls1.rsjp.gov.rs,none
juznobacki.okrug.gov.rs,1 aspmx.l.google.com.; 5 alt1.aspmx.l.google.com.; 10 alt4.aspmx.l.google.com.; 10 alt3.aspmx.l.google.com.; 5 alt2.aspmx.l.google.com.
juznobanatski.okrug.gov.rs,0 mail.juznobanatski.okrug.gov.rs.
kapitalnaulaganja.vojvodina.gov.rs,none
katastar.rgz.gov.rs,none
koceljeva.gov.rs,none
kolubarski.okrug.gov.rs,none
kompenzacionifond.gov.rs,0 mailgw.open.telekom.rs.
konkurs.beograd.gov.rs,none
konkursi.civilnodrustvo.gov.rs,none
kooperativniugovor.duvan.gov.rs,none
kosovskomitrovacki.okrug.gov.rs,none
kreativnaskola.zuov.gov.rs,none
kultura.vojvodina.gov.rs,none
kzbpd.gov.rs,none
kzk.gov.rs,none
lep.mre.gov.rs,none
live20chat.mtt.gov.rs,none
ljudskaprava.gov.rs,10 ljudskaprava-gov-rs.mail.protection.outlook.com.
ljudskiresursi.vojvodina.gov.rs,none
lms.napa.gov.rs,none
login.lpa.gov.rs,none
lozinka.uzzpro.gov.rs,none
lpa.beograd.gov.rs,none
lpa.gov.rs,none
lyncdiscover.gov.rs,none
lyncdiscover.vojvodina.gov.rs,none
m.mladenovac.gov.rs,none
mail.abs.gov.rs,none
mail.atlas.heritage.gov.rs,none
mail.azus.gov.rs,none
mail.beograd.gov.rs,none
mail.branicevski.okrug.gov.rs,none
mail.budzet.vojvodina.gov.rs,none
mail.civilnodrustvo.gov.rs,none
mail.dev01.vojvodina.gov.rs,none
mail.dmdm.gov.rs,none
mail.dp.gov.rs,0 dp.gov.rs.
mail.drr.vojvodina.gov.rs,none
mail.ekoplan.gov.rs,none
mail.ekourb.vojvodina.gov.rs,none
mail.ekourbapv.vojvodina.gov.rs,none
mail.fond.gov.rs,none
mail.fondzarazvoj.gov.rs,none
mail.gov.rs,none
mail.heritage.gov.rs,none
mail.hraniteljstvocps.gov.rs,none
mail.inkluzijaroma.stat.gov.rs,none
mail.inovacije.gov.rs,none
mail.inspektor.gov.rs,none
mail.juznobanatski.okrug.gov.rs,none
mail.kapitalnaulaganja.vojvodina.gov.rs,none
mail.koceljeva.gov.rs,none
mail.kolubarski.okrug.gov.rs,none
mail.kompenzacionifond.gov.rs,none
mail.kosovskomitrovacki.okrug.gov.rs,none
mail.kultura.vojvodina.gov.rs,none
mail.kzbpd.gov.rs,none
mail.kzk.gov.rs,none
mail.ljudskiresursi.vojvodina.gov.rs,none
mail.m.mladenovac.gov.rs,none
mail.mbpi.gov.rs,none
mail.minrzs.gov.rs,none
mail.mladenovac.gov.rs,none
mail.mos.gov.rs,none
mail.mprrpp.gov.rs,none
mail.nis.okrug.gov.rs,none
mail.nsz.gov.rs,none
mail.obnova.gov.rs,none
mail.papv.vojvodina.gov.rs,none
mail.pim.gov.rs,none
mail.pirotski.okrug.gov.rs,none
mail.polj.savetodavstvo.vojvodina.gov.rs,none
mail.poreskauprava.gov.rs,none
mail.programrazvoja.vojvodina.gov.rs,none
mail.projekti.zdravstvo.vojvodina.gov.rs,none
mail.psf.vojvodina.gov.rs,none
mail.purs.gov.rs,none
mail.rasinski.okrug.gov.rs,none
mail.raska.gov.rs,none
mail.rbf.vojvodina.gov.rs,none
mail.rdrr.gov.rs,none
mail.rha.gov.rs,none
mail.rsjp.gov.rs,none
mail.sanitarnaapv.vojvodina.gov.rs,none
mail.sbi.vojvodina.gov.rs,none
mail.sepa.gov.rs,none
mail.severnobacki.okrug.gov.rs,none
mail.sio.vojvodina.gov.rs,none
mail.smt.zdravlje.gov.rs,none
mail.socijalnapolitika.vojvodina.gov.rs,none
mail.spomenici.heritage.gov.rs,none
mail.srbatom.gov.rs,none
mail.toplicki.okrug.gov.rs,0 toplicki.okrug.gov.rs.
mail.uprava-brodova.gov.rs,none
mail.upravazabiomedicinu.gov.rs,none
mail.upravazasume.gov.rs,none
mail.upravljanjepromenama.gov.rs,none
mail.uzb.minpolj.gov.rs,none
mail.uzzpro.gov.rs,none
mail.vazduh.vojvodina.gov.rs,none
mail.vet.minpolj.gov.rs,none
mail.vojvodina.gov.rs,none
mail.vranje.gov.rs,none
mail.zajecarski.okrug.gov.rs,none
mail.zavodsz.gov.rs,none
mail.zis.gov.rs,none
mailnlb.vojvodina.gov.rs,none
mailout.vojvodina.gov.rs,none
mbpi.gov.rs,10 smtp.gov.rs.
media.moravicki.okrug.gov.rs,none
media.srbija.gov.rs,none
meet.trezor.gov.rs,none
meet.vojvodina.gov.rs,none
megalit.raska.gov.rs,none
mfa.gov.rs,10 mail2.mfa.rs.; 10 mail1.mfa.rs.
mgsi.gov.rs,none
minrzs.gov.rs,10 mail.minrzs.gov.rs.
mladenovac.gov.rs,0 mladenovac.gov.rs.
mojdoktor.gov.rs,none
monradrs.srbatom.gov.rs,none
moravicki.okrug.gov.rs,none
mos.gov.rs,none
mpn.gov.rs,none
mpravde.gov.rs,none
ms.alims.gov.rs,none
mslicence.uzzpro.gov.rs,none
nabavke.beograd.gov.rs,none
nabavke.mod.gov.rs,none
napa.gov.rs,none
nepro.gov.rs,none
new.juznobanatski.okrug.gov.rs,none
newsite.juznobanatski.okrug.gov.rs,none
nis.okrug.gov.rs,none
novisajt.juznobanatski.okrug.gov.rs,none
nps.mpn.gov.rs,none
obnova.gov.rs,none
office.trezor.gov.rs,none
old.civilnodrustvo.gov.rs,none
old.mos.gov.rs,none
pametnaspecijalizacija.mpn.gov.rs,none
papv.vojvodina.gov.rs,none
pim.gov.rs,none
pimgovrs.obnova.gov.rs,none
pirotski.okrug.gov.rs,none
pisarnica.kolubarski.okrug.gov.rs,none
pisarnica.nis.okrug.gov.rs,none
piu.rsjp.gov.rs,10 piu-rsjp-gov-rs.mail.protection.outlook.com.
pod2.stat.gov.rs,none
polj.savetodavstvo.vojvodina.gov.rs,none
pool1.vojvodina.gov.rs,none
poreskauprava.gov.rs,10 mx01.purs.gov.rs.
portal.beograd.gov.rs,none
portal.croso.gov.rs,none
portal.gov.rs,none
portal.rfzo.gov.rs,none
portal.rzzo.gov.rs,none
posebanbirackispisak.gov.rs,none
posta.skupstinavojvodine.gov.rs,none
postar.ekoplan.gov.rs,none
postar.mprrpp.gov.rs,none
postar.sepa.gov.rs,none
postar.uzzpro.gov.rs,none
poziv.gov.rs,none
prijava.mpn.gov.rs,none
proba.lpa.gov.rs,none
proba.zuov.gov.rs,none
probnipopis2019.stat.gov.rs,none
programrazvoja.vojvodina.gov.rs,none
projekti.zdravstvo.vojvodina.gov.rs,none
psf.vojvodina.gov.rs,none
purs.gov.rs,none
ramrrs.gov.rs,none
ras.gov.rs,none
rasinski.okrug.gov.rs,none
raska.gov.rs,none
rbf.vojvodina.gov.rs,none
rdrr.gov.rs,none
reg.zis.gov.rs,none
registar.obnova.gov.rs,none
registarcena.rgz.gov.rs,none
registration.akreditacija.gov.rs,none
regnep.rdi.gov.rs,none
report.sec.gov.rs,none
rfzo.gov.rs,10 mail.rfzo.rs.
rha.gov.rs,none
ris.mpn.gov.rs,none
ris2.mpn.gov.rs,none
rodnaravnopravnost.gov.rs,none
rsjp.gov.rs,10 rsjp-gov-rs.mail.protection.outlook.com.
sanitarna.inspektor.gov.rs,none
sanitarnaapv.vojvodina.gov.rs,none
sap.beograd.gov.rs,none
sastanak.gov.rs,none
sbi.vojvodina.gov.rs,none
sem.mre.gov.rs,none
sepa.gov.rs,none
serbiabrand.gov.rs,none
serbiacreates.gov.rs,none
severnobacki.okrug.gov.rs,none
sezonskiradnici.gov.rs,none
sio.vojvodina.gov.rs,none
sip.gov.rs,none
sip.vojvodina.gov.rs,none
skypeweb.gov.rs,none
smt.zdravlje.gov.rs,none
socijalnapolitika.vojvodina.gov.rs,none
sockarta-test.minrzs.gov.rs,none
sockarta.minrzs.gov.rs,none
sorte.minpolj.gov.rs,none
spomenici.heritage.gov.rs,none
sportskicentri.sio.vojvodina.gov.rs,none
srbatom.gov.rs,none
srbija.gov.rs,none
srbijabrend.gov.rs,none
srbijastvara.gov.rs,none
stari-sajt.civilnodrustvo.gov.rs,none
starisajt.zuov.gov.rs,none
starizanati.gov.rs,none
stips.minpolj.gov.rs,none
strategija.civilnodrustvo.gov.rs,none
sts1.uzzpro.gov.rs,none
test.ite.gov.rs,none
test.napa.gov.rs,none
test.nis.okrug.gov.rs,none
test.srbija.gov.rs,none
test.uprava-brodova.gov.rs,none
test.zdravlje.gov.rs,none
toplicki.okrug.gov.rs,none
traveler.mup.gov.rs,none
trezor.gov.rs,none
trzisna.inspektor.gov.rs,none
tsa.gov.rs,none
uprava-brodova.gov.rs,none
upravazabiomedicinu.gov.rs,none
upravazasume.gov.rs,none
upravljanjepromenama.gov.rs,none
uzb.minpolj.gov.rs,none
uzzpro.gov.rs,none
vazduh.vojvodina.gov.rs,none
vet.minpolj.gov.rs,none
vranje.gov.rs,none
wac.gov.rs,none
wac01.vojvodina.gov.rs,none
webconf.gov.rs,none
webconf.vojvodina.gov.rs,none
webdisk.abs.gov.rs,none
webdisk.branicevski.okrug.gov.rs,none
webdisk.budzet.vojvodina.gov.rs,none
webdisk.civilnodrustvo.gov.rs,none
webdisk.dev01.vojvodina.gov.rs,none
webdisk.drr.vojvodina.gov.rs,none
webdisk.ekourb.vojvodina.gov.rs,none
webdisk.ekourbapv.vojvodina.gov.rs,none
webdisk.fond.gov.rs,none
webdisk.fondzarazvoj.gov.rs,none
webdisk.hraniteljstvocps.gov.rs,none
webdisk.inkluzijaroma.stat.gov.rs,none
webdisk.inovacije.gov.rs,none
webdisk.inspektor.gov.rs,none
webdisk.juznobanatski.okrug.gov.rs,none
webdisk.kapitalnaulaganja.vojvodina.gov.rs,none
webdisk.kolubarski.okrug.gov.rs,none
webdisk.kompenzacionifond.gov.rs,none
webdisk.kosovskomitrovacki.okrug.gov.rs,none
webdisk.kultura.vojvodina.gov.rs,none
webdisk.kzbpd.gov.rs,none
webdisk.ljudskiresursi.vojvodina.gov.rs,none
webdisk.mladenovac.gov.rs,none
webdisk.mos.gov.rs,none
webdisk.nis.okrug.gov.rs,none
webdisk.obnova.gov.rs,none
webdisk.papv.vojvodina.gov.rs,none
webdisk.pim.gov.rs,none
webdisk.pirotski.okrug.gov.rs,none
webdisk.polj.savetodavstvo.vojvodina.gov.rs,none
webdisk.programrazvoja.vojvodina.gov.rs,none
webdisk.projekti.zdravstvo.vojvodina.gov.rs,none
webdisk.psf.vojvodina.gov.rs,none
webdisk.rasinski.okrug.gov.rs,none
webdisk.rbf.vojvodina.gov.rs,none
webdisk.rdrr.gov.rs,none
webdisk.rha.gov.rs,none
webdisk.sanitarnaapv.vojvodina.gov.rs,none
webdisk.sbi.vojvodina.gov.rs,none
webdisk.severnobacki.okrug.gov.rs,none
webdisk.sio.vojvodina.gov.rs,none
webdisk.smt.zdravlje.gov.rs,none
webdisk.socijalnapolitika.vojvodina.gov.rs,none
webdisk.spomenici.heritage.gov.rs,none
webdisk.srbatom.gov.rs,none
webdisk.toplicki.okrug.gov.rs,none
webdisk.uprava-brodova.gov.rs,none
webdisk.upravazasume.gov.rs,none
webdisk.upravljanjepromenama.gov.rs,none
webdisk.vazduh.vojvodina.gov.rs,none
webdisk.vet.minpolj.gov.rs,none
webdisk.zavodsz.gov.rs,none
webmail.abs.gov.rs,none
webmail.branicevski.okrug.gov.rs,none
webmail.budzet.vojvodina.gov.rs,none
webmail.civilnodrustvo.gov.rs,none
webmail.dev01.vojvodina.gov.rs,none
webmail.dmdm.gov.rs,none
webmail.drr.vojvodina.gov.rs,none
webmail.ekoplan.gov.rs,none
webmail.ekourb.vojvodina.gov.rs,none
webmail.ekourbapv.vojvodina.gov.rs,none
webmail.fond.gov.rs,none
webmail.fondzarazvoj.gov.rs,none
webmail.hraniteljstvocps.gov.rs,none
webmail.inkluzijaroma.stat.gov.rs,none
webmail.inovacije.gov.rs,none
webmail.inspektor.gov.rs,none
webmail.juznobanatski.okrug.gov.rs,none
webmail.kapitalnaulaganja.vojvodina.gov.rs,none
webmail.kolubarski.okrug.gov.rs,none
webmail.kompenzacionifond.gov.rs,none
webmail.kosovskomitrovacki.okrug.gov.rs,none
webmail.kultura.vojvodina.gov.rs,none
webmail.kzbpd.gov.rs,none
webmail.ljudskiresursi.vojvodina.gov.rs,none
webmail.mladenovac.gov.rs,none
webmail.mos.gov.rs,none
webmail.mprrpp.gov.rs,none
webmail.mtid.gov.rs,none
webmail.mtt.gov.rs,none
webmail.mup.gov.rs,none
webmail.nis.okrug.gov.rs,none
webmail.obnova.gov.rs,none
webmail.papv.vojvodina.gov.rs,none
webmail.pim.gov.rs,none
webmail.pirotski.okrug.gov.rs,none
webmail.polj.savetodavstvo.vojvodina.gov.rs,none
webmail.programrazvoja.vojvodina.gov.rs,none
webmail.projekti.zdravstvo.vojvodina.gov.rs,none
webmail.psf.vojvodina.gov.rs,none
webmail.rasinski.okrug.gov.rs,none
webmail.rbf.vojvodina.gov.rs,none
webmail.rdrr.gov.rs,none
webmail.rha.gov.rs,none
webmail.sanitarnaapv.vojvodina.gov.rs,none
webmail.sbi.vojvodina.gov.rs,none
webmail.sepa.gov.rs,none
webmail.severnobacki.okrug.gov.rs,dig error
webmail.sio.vojvodina.gov.rs,none
webmail.smt.zdravlje.gov.rs,none
webmail.socijalnapolitika.vojvodina.gov.rs,none
webmail.spomenici.heritage.gov.rs,none
webmail.srbatom.gov.rs,none
webmail.toplicki.okrug.gov.rs,none
webmail.uprava-brodova.gov.rs,none
webmail.upravazasume.gov.rs,none
webmail.upravljanjepromenama.gov.rs,none
webmail.uzzpro.gov.rs,none
webmail.vazduh.vojvodina.gov.rs,none
webmail.vet.minpolj.gov.rs,dig error
webmail.vojvodina.gov.rs,none
webmail.zavodsz.gov.rs,none
wp.juznobanatski.okrug.gov.rs,none
wp1.juznobanatski.okrug.gov.rs,none
www.abs.gov.rs,none
www.akreditacija.gov.rs,none
www.alims.gov.rs,none
www.aplikacija.birackispisak.gov.rs,none
www.app.mojdoktor.gov.rs,none
www.apv-visokoobrazovanje.vojvodina.gov.rs,none
www.arhiva.serbia.gov.rs,none
www.arhiva.srbija-info.gov.rs,none
www.arhiva.srbija.gov.rs,dig error
www.atlas.heritage.gov.rs,dig error
www.azus.gov.rs,none
www.bit.mtt.gov.rs,none
www.branicevski.okrug.gov.rs,none
www.budzet.vojvodina.gov.rs,none
www.civilnodrustvo.gov.rs,dig error
www.cpanel.srbatom.gov.rs,none
www.crm.uzzpro.gov.rs,dig error
www.data.gov.rs,none
www.dev01.vojvodina.gov.rs,dig error
www.digitalnaucionica.zuov.gov.rs,none
www.dijaspora.gov.rs,none
www.dositeja.mos.gov.rs,none
www.dp.gov.rs,0 dp.gov.rs.
www.drr.vojvodina.gov.rs,none
www.drzavnauprava.gov.rs,none
www.ekonkursi.vojvodina.gov.rs,none
www.ekourb.vojvodina.gov.rs,none
www.ekourbapv.vojvodina.gov.rs,none
www.elpisarnica.nis.okrug.gov.rs,dig error
www.english.zavodsz.gov.rs,none
www.epapir.rsjp.gov.rs,none
www.epopis.rsjp.gov.rs,dig error
www.eporezi.poreskauprava.gov.rs,none
www.eporezi.purs.gov.rs,none
www.eucenje.zuov.gov.rs,dig error
www.euprava.gov.rs,none
www.fito.uzb.minpolj.gov.rs,none
www.fond.gov.rs,none
www.fondzarazvoj.gov.rs,none
www.gov.rs,none
www.gradjevinska.inspektor.gov.rs,none
www.hraniteljstvocps.gov.rs,none
www.imgstack.upravljanjepromenama.gov.rs,none
www.inkluzijaroma.stat.gov.rs,none
www.inovacije.gov.rs,none
www.inspektor.gov.rs,none
www.itcm.minpolj.gov.rs,none
www.ite.gov.rs,none
www.juznobacki.okrug.gov.rs,none
www.juznobanatski.okrug.gov.rs,0 mail.juznobanatski.okrug.gov.rs.
www.kapitalnaulaganja.vojvodina.gov.rs,none
www.katastar.rgz.gov.rs,none
www.koceljeva.gov.rs,none
www.kolubarski.okrug.gov.rs,dig error
www.kompenzacionifond.gov.rs,none
www.kosovskomitrovacki.okrug.gov.rs,none
www.kreativnaskola.zuov.gov.rs,none
www.kultura.vojvodina.gov.rs,none
www.kzbpd.gov.rs,none
www.kzk.gov.rs,none
www.live20chat.mtt.gov.rs,none
www.ljudskaprava.gov.rs,none
www.ljudskiresursi.vojvodina.gov.rs,none
www.lpa.gov.rs,none
www.m.mladenovac.gov.rs,none
www.mail.heritage.gov.rs,none
www.mail.nsz.gov.rs,none
www.mbpi.gov.rs,none
www.media.srbija.gov.rs,none
www.megalit.raska.gov.rs,none
www.mgsi.gov.rs,none
www.minrzs.gov.rs,none
www.mladenovac.gov.rs,0 mladenovac.gov.rs.
www.mojdoktor.gov.rs,none
www.moravicki.okrug.gov.rs,none
www.mos.gov.rs,none
www.mpravde.gov.rs,dig error
www.nabavke.mod.gov.rs,none
www.napa.gov.rs,dig error
www.nepro.gov.rs,none
www.new.juznobanatski.okrug.gov.rs,none
www.newsite.juznobanatski.okrug.gov.rs,none
www.nis.okrug.gov.rs,dig error
www.novisajt.juznobanatski.okrug.gov.rs,none
www.obnova.gov.rs,dig error
www.old.civilnodrustvo.gov.rs,none
www.old.mos.gov.rs,none
www.papv.vojvodina.gov.rs,none
www.pim.gov.rs,none
www.pimgovrs.obnova.gov.rs,dig error
www.pirotski.okrug.gov.rs,none
www.pisarnica.kolubarski.okrug.gov.rs,dig error
www.pisarnica.nis.okrug.gov.rs,none
www.piu.rsjp.gov.rs,dig error
www.pod2.stat.gov.rs,none
www.polj.savetodavstvo.vojvodina.gov.rs,none
www.poreskauprava.gov.rs,none
www.portal.gov.rs,none
www.posebanbirackispisak.gov.rs,none
www.proba.zuov.gov.rs,none
www.programrazvoja.vojvodina.gov.rs,none
www.projekti.zdravstvo.vojvodina.gov.rs,none
www.psf.vojvodina.gov.rs,none
www.purs.gov.rs,none
www.ramrrs.gov.rs,none
www.ras.gov.rs,none
www.rasinski.okrug.gov.rs,0 rasinski.okrug.gov.rs.
www.raska.gov.rs,0 raska.gov.rs.
www.rbf.vojvodina.gov.rs,none
www.rdrr.gov.rs,none
www.registar.obnova.gov.rs,none
www.regnep.rdi.gov.rs,none
www.rha.gov.rs,none
www.rsjp.gov.rs,none
www.sanitarna.inspektor.gov.rs,none
www.sanitarnaapv.vojvodina.gov.rs,none
www.sbi.vojvodina.gov.rs,none
www.sem.mre.gov.rs,none
www.sepa.gov.rs,none
www.serbiacreates.gov.rs,none
www.severnobacki.okrug.gov.rs,none
www.sezonskiradnici.gov.rs,none
www.sio.vojvodina.gov.rs,none
www.sip.vojvodina.gov.rs,none
www.skupstinavojvodine.gov.rs,none
www.smt.zdravlje.gov.rs,none
www.socijalnapolitika.vojvodina.gov.rs,none
www.sorte.minpolj.gov.rs,none
www.spomenici.heritage.gov.rs,none
www.sportskicentri.sio.vojvodina.gov.rs,none
www.srbatom.gov.rs,none
www.srbija.gov.rs,none
www.srbijastvara.gov.rs,none
www.stari-sajt.civilnodrustvo.gov.rs,none
www.starisajt.zuov.gov.rs,none
www.stips.minpolj.gov.rs,none
www.strategija.civilnodrustvo.gov.rs,none
www.test-uzda.gov.rs,none
www.test.nis.okrug.gov.rs,none
www.test.uprava-brodova.gov.rs,none
www.toplicki.okrug.gov.rs,none
www.traveler.mup.gov.rs,none
www.trzisna.inspektor.gov.rs,none
www.uprava-brodova.gov.rs,none
www.upravazabiomedicinu.gov.rs,none
www.upravazasume.gov.rs,none
www.upravljanjepromenama.gov.rs,none
www.uzb.minpolj.gov.rs,none
www.vazduh.vojvodina.gov.rs,none
www.vet.minpolj.gov.rs,none
www.vranje.gov.rs,none
www.webmail.mtid.gov.rs,none
www.webmail.mup.gov.rs,none
www.wp.juznobanatski.okrug.gov.rs,dig error
www.wp1.juznobanatski.okrug.gov.rs,dig error
www.zajecarski.okrug.gov.rs,dig error
www.zapotrosace.gov.rs,none
www.zavod.zuov.gov.rs,none
www.zavodsz.gov.rs,none
www.zdravlje.gov.rs,none
www.zis.gov.rs,none
www.zuov.gov.rs,none
zajecarski.okrug.gov.rs,0 mail.zajecarski.okrug.gov.rs.
zapos.trezor.gov.rs,none
zapotrosace.gov.rs,10 smtp.gov.rs.
zavod.zuov.gov.rs,none
zavodsz.gov.rs,0 mail.zavodsz.gov.rs.
zdravlje.gov.rs,none
zis.beograd.gov.rs,none
zis.gov.rs,none
zuov.gov.rs,none
